{"cameraMode":{"drawMode":0,"name":"Shaded","section":"Shading Mode"},"sceneLighting":true,"audioPlay":false,"sceneViewState":{"m_AlwaysRefresh":false,"showFog":false,"showSkybox":false,"showFlares":false,"showImageEffects":false,"showParticleSystems":false,"showVisualEffectGraphs":true,"m_FxEnabled":true},"in2DMode":false,"pivot":{"x":0.09437495470046997,"y":0.31902173161506655,"z":0.2003116011619568},"rotation":{"x":0.13474303483963014,"y":-0.8317734599113464,"z":0.23020417988300324,"w":0.48689019680023196},"size":2.2911248207092287,"orthographic":false}