{"cameraMode":{"drawMode":0,"name":"Shaded","section":"Shading Mode"},"sceneLighting":true,"audioPlay":false,"sceneViewState":{"showFog":false,"showMaterialUpdate":false,"showSkybox":false,"showFlares":false,"showImageEffects":false,"showParticleSystems":false},"in2DMode":false,"pivot":{"x":-2.81417179107666,"y":-2.2140450477600099,"z":0.19678544998168946},"rotation":{"x":0.13865914940834046,"y":-0.845995306968689,"z":0.26616519689559939,"w":0.4407491087913513},"size":11.668733596801758,"orthographic":false}