{"cameraMode":{"drawMode":0,"name":"Shaded","section":"Shading Mode"},"sceneLighting":true,"audioPlay":false,"sceneViewState":{"showFog":true,"showMaterialUpdate":false,"showSkybox":true,"showFlares":true,"showImageEffects":true,"showParticleSystems":true},"in2DMode":false,"pivot":{"x":-0.27037423849105837,"y":1.4258041381835938,"z":0.5538322925567627},"rotation":{"x":-0.05879377946257591,"y":-0.8550024032592773,"z":0.0994744524359703,"w":-0.5055878758430481},"size":43.861961364746097,"orthographic":false}