{"cameraMode":{"drawMode":0,"name":"Shaded","section":"Shading Mode"},"sceneLighting":true,"audioPlay":false,"sceneViewState":{"showFog":true,"showMaterialUpdate":false,"showSkybox":true,"showFlares":true,"showImageEffects":true,"showParticleSystems":true},"in2DMode":false,"pivot":{"x":2.057939291000366,"y":-0.029304027557373048,"z":-1.842236042022705},"rotation":{"x":-0.05494602769613266,"y":-0.9340673089027405,"z":0.1644933968782425,"w":-0.3121555745601654},"size":6.527005672454834,"orthographic":false}