{"cameraMode":{"drawMode":0,"name":"Shaded","section":"Shading Mode"},"sceneLighting":true,"audioPlay":false,"sceneViewState":{"showFog":true,"showMaterialUpdate":true,"showSkybox":true,"showFlares":true,"showImageEffects":true,"showParticleSystems":true},"in2DMode":false,"pivot":{"x":-0.19056105613708497,"y":0.5170447826385498,"z":-0.013774633407592774},"rotation":{"x":0.27359336614608767,"y":0.3302474319934845,"z":-0.10063495486974716,"w":0.8977505564689636},"size":5.14550256729126,"orthographic":false}